{"cameraMode":{"drawMode":0,"name":"Shaded","section":"Shading Mode"},"sceneLighting":true,"audioPlay":false,"sceneViewState":{"m_AlwaysRefresh":false,"showFog":true,"showSkybox":true,"showFlares":true,"showImageEffects":true,"showParticleSystems":true,"showVisualEffectGraphs":true,"m_FxEnabled":true},"in2DMode":false,"pivot":{"x":-1.0720220804214478,"y":3.0583863258361818,"z":-3.9960262775421144},"rotation":{"x":0.18868398666381837,"y":0.1568933129310608,"z":-0.030522244051098825,"w":0.9689965844154358},"size":0.8660253882408142,"orthographic":false}