{"cameraMode":{"drawMode":0,"name":"Shaded","section":"Shading Mode"},"sceneLighting":true,"audioPlay":false,"sceneViewState":{"m_AlwaysRefresh":false,"showFog":true,"showSkybox":true,"showFlares":true,"showImageEffects":true,"showParticleSystems":true,"showVisualEffectGraphs":true,"m_FxEnabled":true},"in2DMode":false,"pivot":{"x":1107.3638916015625,"y":2617.21630859375,"z":1.91021728515625},"rotation":{"x":0.050686322152614596,"y":-0.010439533740282059,"z":0.0011306960368528963,"w":0.9988111853599548},"size":165.43960571289063,"orthographic":false}