{"cameraMode":{"drawMode":0,"name":"Shaded","section":"Shading Mode"},"sceneLighting":true,"audioPlay":false,"sceneViewState":{"m_AlwaysRefresh":false,"showFog":true,"showSkybox":true,"showFlares":true,"showImageEffects":true,"showParticleSystems":true,"showVisualEffectGraphs":true,"m_FxEnabled":false},"in2DMode":false,"pivot":{"x":10.85408878326416,"y":-18.66380500793457,"z":157.43028259277345},"rotation":{"x":-0.0617339052259922,"y":-0.03351547196507454,"z":0.0020699789747595789,"w":-0.9975382089614868},"size":78.99239349365235,"orthographic":false}