{"cameraMode":{"drawMode":0,"name":"Shaded","section":"Shading Mode"},"sceneLighting":true,"audioPlay":false,"sceneViewState":{"m_AlwaysRefresh":false,"showFog":true,"showSkybox":true,"showFlares":true,"showImageEffects":true,"showParticleSystems":true,"showVisualEffectGraphs":true,"m_FxEnabled":false},"in2DMode":false,"pivot":{"x":1.319730520248413,"y":3.6046195030212404,"z":15.138921737670899},"rotation":{"x":-0.34720298647880556,"y":0.11300180107355118,"z":-0.042188696563243869,"w":-0.9300065040588379},"size":13.608617782592774,"orthographic":false}