{"cameraMode":{"drawMode":0,"name":"Shaded","section":"Shading Mode"},"sceneLighting":true,"audioPlay":false,"sceneViewState":{"m_AlwaysRefresh":false,"showFog":true,"showSkybox":true,"showFlares":true,"showImageEffects":true,"showParticleSystems":true,"showVisualEffectGraphs":true,"m_FxEnabled":false},"in2DMode":false,"pivot":{"x":-0.3604446351528168,"y":1.1966601610183716,"z":4.230440139770508},"rotation":{"x":-0.10785768926143646,"y":-0.06614834070205689,"z":0.007189249619841576,"w":-0.9919491410255432},"size":4.097517013549805,"orthographic":false}